"treatment","n","site_years","n_rate","p_rate","k_rate","s_rate","mean","sd","se"
"N0P1K1",134,34,6.41910447761194,20,42.089552238806,5.34925373134328,10.6681774460143,2.56312323090342,0.221420123005154
"N1P1K1",135,34,96.6820503703704,20,42.3703703703704,5.30962962962963,13.3849740393615,1.76530604627254,0.151933353737173
"N2P0K1",133,34,189.170728421053,0,42.406015037594,5.38947368421053,14.0635156372289,1.880058438304,0.163021741514135
"N2P1K0",135,34,188.649680592593,20,0,5.30962962962963,14.4762477740511,1.6253030973485,0.139883818412669
"N2P1K1",134,34,152.026727164179,20,41.7910447761194,5.34925373134328,14.2477357741817,1.7786724297599,0.153653895152166
"N3P1K1",135,34,208.147835259259,20,42.0740740740741,5.30962962962963,14.4427885773522,1.72009435957943,0.148042151301254
"N4P1K1",135,34,310.596740740741,20,40,5.30962962962963,14.5934528696342,1.67258016731047,0.143952780737561
"N4P2K2",136,34,310.371764705882,40,84.7058823529412,5.27058823529412,14.6710114400899,1.74754951969369,0.14985113504697
"UNL",134,34,163.08224,12.3880597014925,4.77611940298507,4.68059701492537,14.0651744635535,1.94702720949628,0.168197533003162
